掲載区分,DTV申請可否,公館種別,公館グループ,国名（日本語）,国名（英語）,都市名（日本語）,都市名（英語）,都市名（現地表記）,公館名（日本語）,公館名（英語）,公式サイト,備考
掲載対象,可,総領事館,在タイ王国総領事館,日本,Japan,大阪,Osaka,โอซากา,在大阪タイ王国総領事館,"Royal Thai Consulate-General, Osaka",https://osaka.thaiembassy.org,DTV申請時は、管轄、居住地要件、必要書類、手数料、予約要否などを各公館の公式サイトで最終確認してください。
掲載対象,可,大使館,在タイ王国大使館,日本,Japan,東京,Tokyo,โตเกียว,在東京タイ王国大使館,"Royal Thai Embassy, Tokyo",http://www.thaiembassy.jp,DTV申請時は、管轄、居住地要件、必要書類、手数料、予約要否などを各公館の公式サイトで最終確認してください。
掲載対象,可,総領事館,在タイ王国総領事館,日本,Japan,福岡,Fukuoka,ฟูกูโอกะ,在福岡タイ王国総領事館,"Royal Thai Consulate-General, Fukuoka",https://fukuoka.thaiembassy.org,DTV申請時は、管轄、居住地要件、必要書類、手数料、予約要否などを各公館の公式サイトで最終確認してください。
掲載対象,可（公式DTV案内あり）,通商経済事務所,タイ通商経済事務所,台湾,Taiwan,台北,Taipei,สำนักงานการค้าและเศรษฐกิจไทย (ไทเป),タイ通商経済事務所（台北）,Thailand Trade and Economic Office (Taipei),https://tteo.thaiembassy.org,台北拠点は通常の大使館・総領事館ではありませんが、公式サイトにDTV案内が掲載されているため収録しています。申請条件の最終確認は公式サイトをご確認ください。
掲載対象,可,大使館,在タイ王国大使館,韓国,Republic of Korea,ソウル,Seoul,โซล,在ソウルタイ王国大使館,"Royal Thai Embassy, Seoul",https://seoul.thaiembassy.org,DTV申請時は、管轄、居住地要件、必要書類、手数料、予約要否などを各公館の公式サイトで最終確認してください。
掲載対象,可,総領事館,在タイ王国総領事館,中国,China,上海,Shanghai,เซี่ยงไฮ้,在上海タイ王国総領事館,"Royal Thai Consulate-General, Shanghai",https://thaishanghai.thaiembassy.org,DTV申請時は、管轄、居住地要件、必要書類、手数料、予約要否などを各公館の公式サイトで最終確認してください。
掲載対象,可,大使館,在タイ王国大使館,中国,China,北京,Beijing,ปักกิ่ง,在北京タイ王国大使館,"Royal Thai Embassy, Beijing",https://thaiembbeij.org/th,DTV申請時は、管轄、居住地要件、必要書類、手数料、予約要否などを各公館の公式サイトで最終確認してください。
掲載対象,可,総領事館,在タイ王国総領事館,中国,China,南寧,Nanning,หนานหนิง,在南寧タイ王国総領事館,"Royal Thai Consulate-General, Nanning",https://nanning.thaiembassy.org,DTV申請時は、管轄、居住地要件、必要書類、手数料、予約要否などを各公館の公式サイトで最終確認してください。
掲載対象,可,総領事館,在タイ王国総領事館,中国,China,厦門,Xiamen,เซี่ยเหมิน,在厦門タイ王国総領事館,"Royal Thai Consulate-General, Xiamen",https://xiamen.thaiembassy.org,DTV申請時は、管轄、居住地要件、必要書類、手数料、予約要否などを各公館の公式サイトで最終確認してください。
掲載対象,可,総領事館,在タイ王国総領事館,中国,China,広州,Guangzhou,กว่างโจว,在広州タイ王国総領事館,"Royal Thai Consulate-General, Guangzhou",https://guangzhou.thaiembassy.org,DTV申請時は、管轄、居住地要件、必要書類、手数料、予約要否などを各公館の公式サイトで最終確認してください。
掲載対象,可,総領事館,在タイ王国総領事館,中国,China,成都,Chengdu,เฉิงตู,在成都タイ王国総領事館,"Royal Thai Consulate-General, Chengdu",https://chengdu.thaiembassy.org,DTV申請時は、管轄、居住地要件、必要書類、手数料、予約要否などを各公館の公式サイトで最終確認してください。
掲載対象,可,総領事館,在タイ王国総領事館,中国,China,昆明,Kunming,คุนหมิง,在昆明タイ王国総領事館,"Royal Thai Consulate-General, Kunming",https://kunming.thaiembassy.org,DTV申請時は、管轄、居住地要件、必要書類、手数料、予約要否などを各公館の公式サイトで最終確認してください。
掲載対象,可,総領事館,在タイ王国総領事館,中国,China,西安,Xian,ซีอาน,在西安タイ王国総領事館,"Royal Thai Consulate-General, Xian",https://xian.thaiembassy.org,DTV申請時は、管轄、居住地要件、必要書類、手数料、予約要否などを各公館の公式サイトで最終確認してください。
掲載対象,可,総領事館,在タイ王国総領事館,中国,China,青島,Qingdao,ชิงต่าว,在青島タイ王国総領事館,"Royal Thai Consulate-General, Qingdao",https://qingdao.thaiembassy.org,DTV申請時は、管轄、居住地要件、必要書類、手数料、予約要否などを各公館の公式サイトで最終確認してください。
掲載対象,可,総領事館,在タイ王国総領事館,中国,China,香港,Hong Kong,ฮ่องกง,在香港タイ王国総領事館,"Royal Thai Consulate-General, Hong Kong",https://hongkong.thaiembassy.org,DTV申請時は、管轄、居住地要件、必要書類、手数料、予約要否などを各公館の公式サイトで最終確認してください。
掲載対象,可,大使館,在タイ王国大使館,ベトナム,Vietnam,ハノイ,Hanoi,ฮานอย,在ハノイタイ王国大使館,"Royal Thai Embassy, Hanoi",https://rtehanoi.thaiembassy.org,DTV申請時は、管轄、居住地要件、必要書類、手数料、予約要否などを各公館の公式サイトで最終確認してください。
掲載対象,可,総領事館,在タイ王国総領事館,ベトナム,Vietnam,ホーチミン,Ho Chi Minh,โฮจิมินห์,在ホーチミンタイ王国総領事館,"Royal Thai Consulate-General, Ho Chi Minh",https://hochiminh.thaiembassy.org,DTV申請時は、管轄、居住地要件、必要書類、手数料、予約要否などを各公館の公式サイトで最終確認してください。
掲載対象,可,総領事館,在タイ王国総領事館,ラオス,Laos,サワンナケート,Savannakhet,สะหวันนะเขต,在サワンナケートタイ王国総領事館,"Royal Thai Consulate-General, Savannakhet",https://savannakhet.thaiembassy.org,DTV申請時は、管轄、居住地要件、必要書類、手数料、予約要否などを各公館の公式サイトで最終確認してください。
掲載対象,可,大使館,在タイ王国大使館,ラオス,Laos,ビエンチャン,Vientiane,เวียงจันทน์,在ビエンチャンタイ王国大使館,"Royal Thai Embassy, Vientiane",https://vientiane.thaiembassy.org,DTV申請時は、管轄、居住地要件、必要書類、手数料、予約要否などを各公館の公式サイトで最終確認してください。
掲載対象,可,総領事館,在タイ王国総領事館,カンボジア,Cambodia,シェムリアップ,Siem Reap,เสียมราฐ,在シェムリアップタイ王国総領事館,"Royal Thai Consulate-General, Siem Reap",https://siemreap.thaiembassy.org,DTV申請時は、管轄、居住地要件、必要書類、手数料、予約要否などを各公館の公式サイトで最終確認してください。
掲載対象,可,大使館,在タイ王国大使館,カンボジア,Cambodia,プノンペン,Phnom Penh,พนมเปญ,在プノンペンタイ王国大使館,"Royal Thai Embassy, Phnom Penh",https://phnompenh.thaiembassy.org/,DTV申請時は、管轄、居住地要件、必要書類、手数料、予約要否などを各公館の公式サイトで最終確認してください。
掲載対象,可,大使館,在タイ王国大使館,マレーシア,Malaysia,クアラルンプール,Kuala Lumpur,กัวลาลัมเปอร์,在クアラルンプールタイ王国大使館,"Royal Thai Embassy, Kuala Lumpur",https://kualalumpur.thaiembassy.org,DTV申請時は、管轄、居住地要件、必要書類、手数料、予約要否などを各公館の公式サイトで最終確認してください。
掲載対象,可,総領事館,在タイ王国総領事館,マレーシア,Malaysia,コタバル,Kota Bharu,โกตาบารู,在コタバルタイ王国総領事館,"Royal Thai Consulate-General, Kota Bharu",https://kotabharu.thaiembassy.org,DTV申請時は、管轄、居住地要件、必要書類、手数料、予約要否などを各公館の公式サイトで最終確認してください。
掲載対象,可,総領事館,在タイ王国総領事館,マレーシア,Malaysia,ペナン,Penang,ปีนัง,在ペナンタイ王国総領事館,"Royal Thai Consulate-General, Penang",https://penang.thaiembassy.org,DTV申請時は、管轄、居住地要件、必要書類、手数料、予約要否などを各公館の公式サイトで最終確認してください。
掲載対象,可,大使館,在タイ王国大使館,シンガポール,Singapore,シンガポール,Singapore,สิงคโปร์,在シンガポールタイ王国大使館,"Royal Thai Embassy, Singapore",https://singapore.thaiembassy.org,DTV申請時は、管轄、居住地要件、必要書類、手数料、予約要否などを各公館の公式サイトで最終確認してください。
掲載対象,可,大使館,在タイ王国大使館,インドネシア,Indonesia,ジャカルタ,Jakarta,จาการ์ตา,在ジャカルタタイ王国大使館,"Royal Thai Embassy, Jakarta",http://www.thaiembassyjakarta.com,DTV申請時は、管轄、居住地要件、必要書類、手数料、予約要否などを各公館の公式サイトで最終確認してください。
掲載対象,可,大使館,在タイ王国大使館,フィリピン,Philippines,マニラ,Manila,มะนิลา,在マニラタイ王国大使館,"Royal Thai Embassy, Manila",https://www.thaiembassymnl.ph/,DTV申請時は、管轄、居住地要件、必要書類、手数料、予約要否などを各公館の公式サイトで最終確認してください。
掲載対象,可,大使館,在タイ王国大使館,ミャンマー,Myanmar,ヤンゴン,Yangon,ย่างกุ้ง,在ヤンゴンタイ王国大使館,"Royal Thai Embassy, Yangon",https://yangon.thaiembassy.org,DTV申請時は、管轄、居住地要件、必要書類、手数料、予約要否などを各公館の公式サイトで最終確認してください。
掲載対象,可,総領事館,在タイ王国総領事館,インド,India,コルカタ,Kolkata,กัลกัตตา,在コルカタタイ王国総領事館,"Royal Thai Consulate-General, Kolkata",https://kolkata.thaiembassy.org,DTV申請時は、管轄、居住地要件、必要書類、手数料、予約要否などを各公館の公式サイトで最終確認してください。
掲載対象,可,総領事館,在タイ王国総領事館,インド,India,チェンナイ,Chennai,เจนไน,在チェンナイタイ王国総領事館,"Royal Thai Consulate-General, Chennai",https://chennai.thaiembassy.org,DTV申請時は、管轄、居住地要件、必要書類、手数料、予約要否などを各公館の公式サイトで最終確認してください。
掲載対象,可,大使館,在タイ王国大使館,インド,India,ニューデリー,New Delhi,นิวเดลี,在ニューデリータイ王国大使館,"Royal Thai Embassy, New Delhi",https://newdelhi.thaiembassy.org,DTV申請時は、管轄、居住地要件、必要書類、手数料、予約要否などを各公館の公式サイトで最終確認してください。
掲載対象,可,総領事館,在タイ王国総領事館,インド,India,ムンバイ,Mumbai,มุมไบ,在ムンバイタイ王国総領事館,"Royal Thai Consulate-General, Mumbai",https://mumbai.thaiembassy.org,DTV申請時は、管轄、居住地要件、必要書類、手数料、予約要否などを各公館の公式サイトで最終確認してください。
掲載対象,可,総領事館,在タイ王国総領事館,アメリカ,United States of America,シカゴ,Chicago,ชิคาโก,在シカゴタイ王国総領事館,"Royal Thai Consulate-General, Chicago",https://cgchicago.thaiembassy.org/,DTV申請時は、管轄、居住地要件、必要書類、手数料、予約要否などを各公館の公式サイトで最終確認してください。
掲載対象,可,総領事館,在タイ王国総領事館,アメリカ,United States of America,ニューヨーク,New York,นิวยอร์ก,在ニューヨークタイ王国総領事館,"Royal Thai Consulate-General, New York",https://newyork.thaiembassy.org,DTV申請時は、管轄、居住地要件、必要書類、手数料、予約要否などを各公館の公式サイトで最終確認してください。
掲載対象,可,総領事館,在タイ王国総領事館,アメリカ,United States of America,ロサンゼルス,Los Angeles,ลอสแอนเจลิส,在ロサンゼルスタイ王国総領事館,"Royal Thai Consulate-General, Los Angeles",https://thaiconsulatela.thaiembassy.org,DTV申請時は、管轄、居住地要件、必要書類、手数料、予約要否などを各公館の公式サイトで最終確認してください。
掲載対象,可,大使館,在タイ王国大使館,アメリカ,United States of America,ワシントンD.C.,Washington,วอชิงตัน,在ワシントンD.C.タイ王国大使館,"Royal Thai Embassy, Washington",https://washingtondc.thaiembassy.org,DTV申請時は、管轄、居住地要件、必要書類、手数料、予約要否などを各公館の公式サイトで最終確認してください。
掲載対象,可,大使館,在タイ王国大使館,アラブ首長国連邦,United Arab Emirates,Abu Dhabi,Abu Dhabi,อาบูดาบี,在Abu Dhabiタイ王国大使館,"Royal Thai Embassy, Abu Dhabi",https://abudhabi.thaiembassy.org,DTV申請時は、管轄、居住地要件、必要書類、手数料、予約要否などを各公館の公式サイトで最終確認してください。
掲載対象,可,総領事館,在タイ王国総領事館,アラブ首長国連邦,United Arab Emirates,ドバイ,Dubai,ดูไบ,在ドバイタイ王国総領事館,"Royal Thai Consulate-General, Dubai",https://dubai.thaiembassy.org,DTV申請時は、管轄、居住地要件、必要書類、手数料、予約要否などを各公館の公式サイトで最終確認してください。
掲載対象,可,大使館,在タイ王国大使館,アルゼンチン,Argentina,ブエノスアイレス,Buenos Aires,บัวโนสไอเรส,在ブエノスアイレスタイ王国大使館,"Royal Thai Embassy, Buenos Aires",https://buenos-aires.thaiembassy.org,DTV申請時は、管轄、居住地要件、必要書類、手数料、予約要否などを各公館の公式サイトで最終確認してください。
掲載対象,可,大使館,在タイ王国大使館,イギリス,United Kingdom,ロンドン,London,ลอนดอน,在ロンドンタイ王国大使館,"Royal Thai Embassy, London",https://london.thaiembassy.org,DTV申請時は、管轄、居住地要件、必要書類、手数料、予約要否などを各公館の公式サイトで最終確認してください。
掲載対象,可,大使館,在タイ王国大使館,イスラエル,Israel,テルアビブ,Tel Aviv,เทลอาวีฟ,在テルアビブタイ王国大使館,"Royal Thai Embassy, Tel Aviv",https://telaviv.thaiembassy.org,DTV申請時は、管轄、居住地要件、必要書類、手数料、予約要否などを各公館の公式サイトで最終確認してください。
掲載対象,可,大使館,在タイ王国大使館,イタリア,Italy,ローマ,Rome,โรม,在ローマタイ王国大使館,"Royal Thai Embassy, Rome","https://rome.thaiembassy.org/,http://www.thaiembassy.it/",DTV申請時は、管轄、居住地要件、必要書類、手数料、予約要否などを各公館の公式サイトで最終確認してください。
掲載対象,可,大使館,在タイ王国大使館,イラン,Iran,テヘラン,Tehran,เตหะราน,在テヘランタイ王国大使館,"Royal Thai Embassy, Tehran",https://tehran.thaiembassy.org,DTV申請時は、管轄、居住地要件、必要書類、手数料、予約要否などを各公館の公式サイトで最終確認してください。
掲載対象,可,大使館,在タイ王国大使館,エジプト,Egypt,カイロ,Cairo,ไคโร,在カイロタイ王国大使館,"Royal Thai Embassy, Cairo",https://cairo.thaiembassy.org,DTV申請時は、管轄、居住地要件、必要書類、手数料、予約要否などを各公館の公式サイトで最終確認してください。
掲載対象,可,大使館,在タイ王国大使館,オマーン,Oman,マスカット,Muscat,มัสกัต,在マスカットタイ王国大使館,"Royal Thai Embassy, Muscat",https://muscat.thaiembassy.org,DTV申請時は、管轄、居住地要件、必要書類、手数料、予約要否などを各公館の公式サイトで最終確認してください。
掲載対象,可,大使館,在タイ王国大使館,オランダ,Netherlands,ハーグ,The Hague,กรุงเฮก,在ハーグタイ王国大使館,"Royal Thai Embassy, The Hague",https://hague.thaiembassy.org/,DTV申請時は、管轄、居住地要件、必要書類、手数料、予約要否などを各公館の公式サイトで最終確認してください。
掲載対象,可,大使館,在タイ王国大使館,オーストラリア,Australia,キャンベラ,Canberra,แคนเบอร์รา,在キャンベラタイ王国大使館,"Royal Thai Embassy, Canberra",https://canberra.thaiembassy.org/,DTV申請時は、管轄、居住地要件、必要書類、手数料、予約要否などを各公館の公式サイトで最終確認してください。
掲載対象,可,総領事館,在タイ王国総領事館,オーストラリア,Australia,シドニー,Sydney,ซิดนีย์,在シドニータイ王国総領事館,"Royal Thai Consulate-General, Sydney",https://sydney.thaiembassy.org,DTV申請時は、管轄、居住地要件、必要書類、手数料、予約要否などを各公館の公式サイトで最終確認してください。
掲載対象,可,大使館,在タイ王国大使館,オーストリア,Austria,ウィーン,Vienna,เวียนนา,在ウィーンタイ王国大使館,"Royal Thai Embassy, Vienna",http://thaiembassy.at,DTV申請時は、管轄、居住地要件、必要書類、手数料、予約要否などを各公館の公式サイトで最終確認してください。
掲載対象,可,大使館,在タイ王国大使館,カザフスタン,Kazakhstan,アスタナ,Astana,อัสตานา,在アスタナタイ王国大使館,"Royal Thai Embassy, Astana",https://astana.thaiembassy.org,DTV申請時は、管轄、居住地要件、必要書類、手数料、予約要否などを各公館の公式サイトで最終確認してください。
掲載対象,可,大使館,在タイ王国大使館,カタール,Qatar,ドーハ,Doha,โดฮา,在ドーハタイ王国大使館,"Royal Thai Embassy, Doha",https://doha.thaiembassy.org,DTV申請時は、管轄、居住地要件、必要書類、手数料、予約要否などを各公館の公式サイトで最終確認してください。
掲載対象,可,大使館,在タイ王国大使館,カナダ,Canada,オタワ,Ottawa,ออตตาวา,在オタワタイ王国大使館,"Royal Thai Embassy, Ottawa",https://ottawa.thaiembassy.org,DTV申請時は、管轄、居住地要件、必要書類、手数料、予約要否などを各公館の公式サイトで最終確認してください。
掲載対象,可,総領事館,在タイ王国総領事館,カナダ,Canada,バンクーバー,Vancouver,แวนคูเวอร์,在バンクーバータイ王国総領事館,"Royal Thai Consulate-General, Vancouver",https://vancouver.thaiembassy.org/,DTV申請時は、管轄、居住地要件、必要書類、手数料、予約要否などを各公館の公式サイトで最終確認してください。
掲載対象,可,大使館,在タイ王国大使館,ギリシャ,Greece,アテネ,Athens,เอเธนส์,在アテネタイ王国大使館,"Royal Thai Embassy, Athens",https://athens.thaiembassy.org,DTV申請時は、管轄、居住地要件、必要書類、手数料、予約要否などを各公館の公式サイトで最終確認してください。
掲載対象,可,大使館,在タイ王国大使館,クウェート,Kuwait,クウェート市,Kuwait,คูเวต,在クウェート市タイ王国大使館,"Royal Thai Embassy, Kuwait",https://kuwait.thaiembassy.org,DTV申請時は、管轄、居住地要件、必要書類、手数料、予約要否などを各公館の公式サイトで最終確認してください。
掲載対象,可,大使館,在タイ王国大使館,ケニア,Kenya,ナイロビ,Nairobi,ไนโรบี,在ナイロビタイ王国大使館,"Royal Thai Embassy, Nairobi",https://nairobi.thaiembassy.org,DTV申請時は、管轄、居住地要件、必要書類、手数料、予約要否などを各公館の公式サイトで最終確認してください。
掲載対象,可,総領事館,在タイ王国総領事館,サウジアラビア,Saudi Arabia,ジェッダ,Jeddah,เจดดาห์,在ジェッダタイ王国総領事館,"Royal Thai Consulate-General, Jeddah",https://jeddah.thaiembassy.org,DTV申請時は、管轄、居住地要件、必要書類、手数料、予約要否などを各公館の公式サイトで最終確認してください。
掲載対象,可,大使館,在タイ王国大使館,サウジアラビア,Saudi Arabia,リヤド,Riyadh,ริยาด,在リヤドタイ王国大使館,"Royal Thai Embassy, Riyadh",https://riyadh.thaiembassy.org,DTV申請時は、管轄、居住地要件、必要書類、手数料、予約要否などを各公館の公式サイトで最終確認してください。
掲載対象,可,大使館,在タイ王国大使館,スイス,Switzerland,ベルン,Bern,เบิร์น,在ベルンタイ王国大使館,"Royal Thai Embassy, Bern",https://www.thaiembassy.ch/,DTV申請時は、管轄、居住地要件、必要書類、手数料、予約要否などを各公館の公式サイトで最終確認してください。
掲載対象,可,大使館,在タイ王国大使館,スウェーデン,Sweden,ストックホルム,Stockholm,สตอกโฮล์ม,在ストックホルムタイ王国大使館,"Royal Thai Embassy, Stockholm",http://thaiembassy.se/en/home/,DTV申請時は、管轄、居住地要件、必要書類、手数料、予約要否などを各公館の公式サイトで最終確認してください。
掲載対象,可,大使館,在タイ王国大使館,スペイン,Spain,マドリード,Madrid,มาดริด,在マドリードタイ王国大使館,"Royal Thai Embassy, Madrid",https://madrid.thaiembassy.org,DTV申請時は、管轄、居住地要件、必要書類、手数料、予約要否などを各公館の公式サイトで最終確認してください。
掲載対象,可,大使館,在タイ王国大使館,スリランカ,Sri Lanka,コロンボ,Colombo,โคลัมโบ,在コロンボタイ王国大使館,"Royal Thai Embassy, Colombo",https://colombo.thaiembassy.org,DTV申請時は、管轄、居住地要件、必要書類、手数料、予約要否などを各公館の公式サイトで最終確認してください。
掲載対象,可,大使館,在タイ王国大使館,セネガル,Senegal,ダカール,Dakar,ดาการ์,在ダカールタイ王国大使館,"Royal Thai Embassy, Dakar",https://dakar.thaiembassy.org,DTV申請時は、管轄、居住地要件、必要書類、手数料、予約要否などを各公館の公式サイトで最終確認してください。
掲載対象,可,大使館,在タイ王国大使館,チェコ,Czech Republic,プラハ,Prague,ปราก,在プラハタイ王国大使館,"Royal Thai Embassy, Prague",http://www.thaiembassy.cz/,DTV申請時は、管轄、居住地要件、必要書類、手数料、予約要否などを各公館の公式サイトで最終確認してください。
掲載対象,可,大使館,在タイ王国大使館,チリ,Chile,サンティアゴ,Santiago,ซันติอาโก,在サンティアゴタイ王国大使館,"Royal Thai Embassy, Santiago",https://santiago.thaiembassy.org,DTV申請時は、管轄、居住地要件、必要書類、手数料、予約要否などを各公館の公式サイトで最終確認してください。
掲載対象,可,大使館,在タイ王国大使館,デンマーク,Denmark,コペンハーゲン,Copenhagen,โคเปนเฮเกน,在コペンハーゲンタイ王国大使館,"Royal Thai Embassy, Copenhagen",https://copenhagen.thaiembassy.org,DTV申請時は、管轄、居住地要件、必要書類、手数料、予約要否などを各公館の公式サイトで最終確認してください。
掲載対象,可,大使館,在タイ王国大使館,トルコ,Turkey,アンカラ,Ankara,อังการา,在アンカラタイ王国大使館,"Royal Thai Embassy, Ankara",https://ankara.thaiembassy.org,DTV申請時は、管轄、居住地要件、必要書類、手数料、予約要否などを各公館の公式サイトで最終確認してください。
掲載対象,可,大使館,在タイ王国大使館,ドイツ,Germany,Berlin,Berlin,เบอร์ลิน,在Berlinタイ王国大使館,"Royal Thai Embassy, Berlin",https://berlin.thaiembassy.org,DTV申請時は、管轄、居住地要件、必要書類、手数料、予約要否などを各公館の公式サイトで最終確認してください。
掲載対象,可,総領事館,在タイ王国総領事館,ドイツ,Germany,フランクフルト,Frankfurt,แฟรงก์เฟิร์ต,在フランクフルトタイ王国総領事館,"Royal Thai Consulate-General, Frankfurt",https://frankfurt.thaiembassy.org,DTV申請時は、管轄、居住地要件、必要書類、手数料、予約要否などを各公館の公式サイトで最終確認してください。
掲載対象,可,総領事館,在タイ王国総領事館,ドイツ,Germany,ミュンヘン,Munich,มิวนิก,在ミュンヘンタイ王国総領事館,"Royal Thai Consulate-General, Munich",https://munich.thaiembassy.org,DTV申請時は、管轄、居住地要件、必要書類、手数料、予約要否などを各公館の公式サイトで最終確認してください。
掲載対象,可,大使館,在タイ王国大使館,ナイジェリア,Nigeria,アブジャ,ABUJA,อาบูจา,在アブジャタイ王国大使館,"Royal Thai Embassy, ABUJA",https://abuja.thaiembassy.org,DTV申請時は、管轄、居住地要件、必要書類、手数料、予約要否などを各公館の公式サイトで最終確認してください。
掲載対象,可,大使館,在タイ王国大使館,ニュージーランド,New Zealand,ウェリントン,Wellington,เวลลิงตัน,在ウェリントンタイ王国大使館,"Royal Thai Embassy, Wellington",https://wellington.thaiembassy.org,DTV申請時は、管轄、居住地要件、必要書類、手数料、予約要否などを各公館の公式サイトで最終確認してください。
掲載対象,可,大使館,在タイ王国大使館,ネパール,Nepal,カトマンズ,Kathmandu,กาฐมาณฑุ,在カトマンズタイ王国大使館,"Royal Thai Embassy, Kathmandu","https://kathmandu.thaiembassy.org,https://bic-nepal.thaiembassy.org",DTV申請時は、管轄、居住地要件、必要書類、手数料、予約要否などを各公館の公式サイトで最終確認してください。
掲載対象,可,大使館,在タイ王国大使館,ノルウェー,Norway,オスロ,Oslo,ออสโล,在オスロタイ王国大使館,"Royal Thai Embassy, Oslo",https://oslo.thaiembassy.org,DTV申請時は、管轄、居住地要件、必要書類、手数料、予約要否などを各公館の公式サイトで最終確認してください。
掲載対象,可,大使館,在タイ王国大使館,ハンガリー,Hungary,ブダペスト,Budapest,บูดาเปสต์,在ブダペストタイ王国大使館,"Royal Thai Embassy, Budapest",https://budapest.thaiembassy.org,DTV申請時は、管轄、居住地要件、必要書類、手数料、予約要否などを各公館の公式サイトで最終確認してください。
掲載対象,可,大使館,在タイ王国大使館,バングラデシュ,Bangladesh,ダッカ,Dhaka,ธากา,在ダッカタイ王国大使館,"Royal Thai Embassy, Dhaka",https://dhaka.thaiembassy.org,DTV申請時は、管轄、居住地要件、必要書類、手数料、予約要否などを各公館の公式サイトで最終確認してください。
掲載対象,可,大使館,在タイ王国大使館,バーレーン,Bahrain,マナーマ,Manama,มานามา,在マナーマタイ王国大使館,"Royal Thai Embassy, Manama",https://manama.thaiembassy.org,DTV申請時は、管轄、居住地要件、必要書類、手数料、予約要否などを各公館の公式サイトで最終確認してください。
掲載対象,可,大使館,在タイ王国大使館,パキスタン,Pakistan,イスラマバード,Islamabad,อิสลามาบัด,在イスラマバードタイ王国大使館,"Royal Thai Embassy, Islamabad",https://islamabad.thaiembassy.org,DTV申請時は、管轄、居住地要件、必要書類、手数料、予約要否などを各公館の公式サイトで最終確認してください。
掲載対象,可,総領事館,在タイ王国総領事館,パキスタン,Pakistan,カラチ,Karachi,การาจี,在カラチタイ王国総領事館,"Royal Thai Consulate-General, Karachi",https://karachi.thaiembassy.org,DTV申請時は、管轄、居住地要件、必要書類、手数料、予約要否などを各公館の公式サイトで最終確認してください。
掲載対象,可,大使館,在タイ王国大使館,フィンランド,Finland,ヘルシンキ,Helsinki,เฮลซิงกิ,在ヘルシンキタイ王国大使館,"Royal Thai Embassy, Helsinki",https://helsinki.thaiembassy.org,DTV申請時は、管轄、居住地要件、必要書類、手数料、予約要否などを各公館の公式サイトで最終確認してください。
掲載対象,可,大使館,在タイ王国大使館,フランス,France,パリ,Paris,ปารีส,在パリタイ王国大使館,"Royal Thai Embassy, Paris",https://www.thaiembassy.fr/,DTV申請時は、管轄、居住地要件、必要書類、手数料、予約要否などを各公館の公式サイトで最終確認してください。
掲載対象,可,大使館,在タイ王国大使館,ブラジル,Brazil,ブラジリア,Brasilia,บราซิเลีย,在ブラジリアタイ王国大使館,"Royal Thai Embassy, Brasilia",https://brasilia.thaiembassy.org/,DTV申請時は、管轄、居住地要件、必要書類、手数料、予約要否などを各公館の公式サイトで最終確認してください。
掲載対象,可,大使館,在タイ王国大使館,ブルネイ,Brunei,バンダルスリブガワン,Bandar Seri Begawan,บันดาร์เสรีเบกาวัน,在バンダルスリブガワンタイ王国大使館,"Royal Thai Embassy, Bandar Seri Begawan",https://bsb.thaiembassy.org,DTV申請時は、管轄、居住地要件、必要書類、手数料、予約要否などを各公館の公式サイトで最終確認してください。
掲載対象,可,大使館,在タイ王国大使館,ベルギー,Belgium,ブリュッセル,Brussels,บรัสเซลส์,在ブリュッセルタイ王国大使館,"Royal Thai Embassy, Brussels",https://brussels.thaiembassy.org,DTV申請時は、管轄、居住地要件、必要書類、手数料、予約要否などを各公館の公式サイトで最終確認してください。
掲載対象,可,大使館,在タイ王国大使館,ペルー,Peru,リマ,Lima,ลิมา,在リマタイ王国大使館,"Royal Thai Embassy, Lima",https://lima.thaiembassy.org,DTV申請時は、管轄、居住地要件、必要書類、手数料、予約要否などを各公館の公式サイトで最終確認してください。
掲載対象,可,大使館,在タイ王国大使館,ポルトガル,Portugal,リスボン,Lisbon,ลิสบอน,在リスボンタイ王国大使館,"Royal Thai Embassy, Lisbon",https://lisbon.thaiembassy.org,DTV申請時は、管轄、居住地要件、必要書類、手数料、予約要否などを各公館の公式サイトで最終確認してください。
掲載対象,可,大使館,在タイ王国大使館,ポーランド,Poland,ワルシャワ,Warsaw,วอร์ซอ,在ワルシャワタイ王国大使館,"Royal Thai Embassy, Warsaw",https://warsaw.thaiembassy.org,DTV申請時は、管轄、居住地要件、必要書類、手数料、予約要否などを各公館の公式サイトで最終確認してください。
掲載対象,可,大使館,在タイ王国大使館,メキシコ,Mexico,メキシコシティ,Mexico City,เม็กซิโก,在メキシコシティタイ王国大使館,"Royal Thai Embassy, Mexico City",https://mexico.thaiembassy.org,DTV申請時は、管轄、居住地要件、必要書類、手数料、予約要否などを各公館の公式サイトで最終確認してください。
掲載対象,可,大使館,在タイ王国大使館,モザンビーク,Mozambique,マプト,Maputo,มาปูโต,在マプトタイ王国大使館,"Royal Thai Embassy, Maputo",https://maputo.thaiembassy.org,DTV申請時は、管轄、居住地要件、必要書類、手数料、予約要否などを各公館の公式サイトで最終確認してください。
掲載対象,可,大使館,在タイ王国大使館,モロッコ,Morocco,ラバト,Rabat,ราบัต,在ラバトタイ王国大使館,"Royal Thai Embassy, Rabat",https://rabat.thaiembassy.org,DTV申請時は、管轄、居住地要件、必要書類、手数料、予約要否などを各公館の公式サイトで最終確認してください。
掲載対象,可,大使館,在タイ王国大使館,ヨルダン,Jordan,アンマン,Amman,อัมมาน,在アンマンタイ王国大使館,"Royal Thai Embassy, Amman",https://amman.thaiembassy.org,DTV申請時は、管轄、居住地要件、必要書類、手数料、予約要否などを各公館の公式サイトで最終確認してください。
掲載対象,可,大使館,在タイ王国大使館,ルーマニア,Romania,ブカレスト,Bucharest,บูคาเรสต์,在ブカレストタイ王国大使館,"Royal Thai Embassy, Bucharest",https://bucharest.thaiembassy.org,DTV申請時は、管轄、居住地要件、必要書類、手数料、予約要否などを各公館の公式サイトで最終確認してください。
掲載対象,可,大使館,在タイ王国大使館,ロシア,Russian Federation,モスクワ,Moscow,มอสโก,在モスクワタイ王国大使館,"Royal Thai Embassy, Moscow",https://moscow.thaiembassy.org,DTV申請時は、管轄、居住地要件、必要書類、手数料、予約要否などを各公館の公式サイトで最終確認してください。
掲載対象,可,大使館,在タイ王国大使館,南アフリカ,South Africa,プレトリア,Pretoria,พริทอเรีย,在プレトリアタイ王国大使館,"Royal Thai Embassy, Pretoria",https://pretoria.thaiembassy.org,DTV申請時は、管轄、居住地要件、必要書類、手数料、予約要否などを各公館の公式サイトで最終確認してください。
掲載対象,可,大使館,在タイ王国大使館,東ティモール,Timor-Leste,ディリ,Dili,ดิลี,在ディリタイ王国大使館,"Royal Thai Embassy, Dili",https://dili.thaiembassy.org,DTV申請時は、管轄、居住地要件、必要書類、手数料、予約要否などを各公館の公式サイトで最終確認してください。
